id,speed,time
8484273,84,2019-11-18 14:53
8484273,86,2019-11-18 15:00
8484273,81,2019-11-18 15:02
8484273,77,2019-11-18 15:03
8484273,77,2019-11-18 15:03
8484273,84,2019-11-18 15:04
8484273,85,2019-11-18 15:05
8484273,85,2019-11-18 15:05
8484273,84,2019-11-18 15:06
8484273,79,2019-11-18 15:07
8484273,89,2019-11-18 15:07
8484273,89,2019-11-18 15:08
8484273,74,2019-11-18 15:08
8484273,74,2019-11-18 15:09
8484273,76,2019-11-18 15:10
8484273,76,2019-11-18 15:11
8484273,87,2019-11-18 15:12
8484273,82,2019-11-18 15:13
8484273,76,2019-11-18 15:14
8484273,72,2019-11-18 15:15
8484273,81,2019-11-18 15:16
8484273,80,2019-11-18 15:17
8484273,74,2019-11-18 15:18
8484273,79,2019-11-18 15:19
8484273,82,2019-11-18 15:20
8484273,82,2019-11-18 15:21
8484273,72,2019-11-18 15:22
8484273,79,2019-11-18 15:23
8484273,84,2019-11-18 15:24
8484273,76,2019-11-18 15:25
8484273,83,2019-11-18 15:26
8484273,75,2019-11-18 15:27
8484273,77,2019-11-18 15:28
8484273,81,2019-11-18 15:29
8484273,82,2019-11-18 15:30
8484273,82,2019-11-18 15:31
8484273,87,2019-11-18 15:32
8484273,82,2019-11-18 15:33
8484273,76,2019-11-18 15:34
8484273,74,2019-11-18 15:35
8484273,82,2019-11-18 15:36
8484273,84,2019-11-18 15:37
8484273,81,2019-11-18 15:38
8484273,77,2019-11-18 15:39
8484273,83,2019-11-18 15:40
8484273,73,2019-11-18 15:41
8484273,74,2019-11-18 15:42
8484273,83,2019-11-18 15:43
8484273,79,2019-11-18 15:44
8484273,85,2019-11-18 15:45
8484273,78,2019-11-18 15:46
8484273,76,2019-11-18 15:47
8484273,84,2019-11-18 15:48
8484273,83,2019-11-18 15:49
8484273,86,2019-11-18 15:50
8484273,81,2019-11-18 15:51
8484273,80,2019-11-18 15:52
8484273,84,2019-11-18 15:53
8484273,79,2019-11-18 15:54
8484273,82,2019-11-18 15:55
8484273,80,2019-11-18 15:56
8484273,85,2019-11-18 15:57
8484273,85,2019-11-18 15:58
8484273,86,2019-11-18 15:59
8484273,85,2019-11-18 16:00
8484273,74,2019-11-18 16:01
8484273,92,2019-11-18 16:02
8484273,83,2019-11-18 16:03
8484273,87,2019-11-18 16:04
8484273,86,2019-11-18 16:05
8484273,84,2019-11-18 16:06
8484273,85,2019-11-18 16:07
8484273,82,2019-11-18 16:08
8484273,89,2019-11-18 16:09
8484273,83,2019-11-18 16:10
8484273,79,2019-11-18 16:11
8484273,85,2019-11-18 16:12
8484273,85,2019-11-18 16:13
8484273,87,2019-11-18 16:14
8484273,81,2019-11-18 16:15
8484273,80,2019-11-18 16:16
8484273,74,2019-11-18 16:17
8484273,81,2019-11-18 16:18
8484273,72,2019-11-18 16:19
8484273,76,2019-11-18 16:20
8484273,85,2019-11-18 16:21
8484273,80,2019-11-18 16:22
8484273,76,2019-11-18 16:23
8484273,78,2019-11-18 16:24
8484273,83,2019-11-18 16:25
8484273,78,2019-11-18 16:26
8484273,80,2019-11-18 16:27
8484273,81,2019-11-18 16:28
8484273,83,2019-11-18 16:29
8484273,82,2019-11-18 16:30
8484273,86,2019-11-18 16:31
8484273,84,2019-11-18 16:32
8484273,86,2019-11-18 16:33
8484273,81,2019-11-18 16:34
8484273,85,2019-11-18 16:35
8484273,81,2019-11-18 16:36
8484273,78,2019-11-18 16:37
8484273,75,2019-11-18 16:38
8484273,87,2019-11-18 16:39
8484273,82,2019-11-18 16:40
8484273,80,2019-11-18 16:41
8484273,80,2019-11-18 16:42
8484273,81,2019-11-18 16:43
8484273,87,2019-11-18 16:44
8484273,82,2019-11-18 16:45
8484273,82,2019-11-18 16:46
8484273,76,2019-11-18 16:47
8484273,78,2019-11-18 16:48
8484273,82,2019-11-18 16:49
8484273,85,2019-11-18 16:50
8484273,77,2019-11-18 16:51
8484273,80,2019-11-18 16:52
8484273,79,2019-11-18 16:53
8484273,81,2019-11-18 16:54
8484273,77,2019-11-18 16:55
8484273,85,2019-11-18 16:56
8484273,82,2019-11-18 16:57
8484273,81,2019-11-18 16:58
8484273,77,2019-11-18 16:59
8484273,78,2019-11-18 17:00
8484273,81,2019-11-18 17:01
8484273,79,2019-11-18 17:02
8484273,82,2019-11-18 17:03
8484273,78,2019-11-18 17:04
8484273,81,2019-11-18 17:05
8484273,81,2019-11-18 17:06
8484273,78,2019-11-18 17:07
8484273,79,2019-11-18 17:08
8484273,83,2019-11-18 17:09
8484273,78,2019-11-18 17:10
8484273,83,2019-11-18 17:11
8484273,78,2019-11-18 17:12
8484273,74,2019-11-18 17:13
8484273,86,2019-11-18 17:14
8484273,85,2019-11-18 17:15
8484273,81,2019-11-18 17:16
8484273,73,2019-11-18 17:17
8484273,74,2019-11-18 17:18
8484273,71,2019-11-18 17:19
8484273,70,2019-11-18 17:20
8484273,68,2019-11-18 17:21
8484273,79,2019-11-18 17:25
8484273,80,2019-11-18 17:26
8484273,77,2019-11-18 17:27
8484273,61,2019-11-18 17:28
8484273,53,2019-11-18 17:29
8484273,52,2019-11-18 17:30
8484273,62,2019-11-18 17:31
8484273,64,2019-11-18 17:32
8484273,57,2019-11-18 17:35
8484273,47,2019-11-18 17:36
8484273,56,2019-11-18 17:37
8484273,71,2019-11-18 17:38
8484273,70,2019-11-18 17:39
8484273,69,2019-11-18 17:40
8484273,79,2019-11-18 17:41
8484273,79,2019-11-18 17:42
8484273,76,2019-11-18 17:43
8484273,83,2019-11-18 17:44
8484273,84,2019-11-18 17:45
8484273,84,2019-11-18 17:46
8484273,85,2019-11-18 17:47
8484273,82,2019-11-18 17:48
8484273,89,2019-11-18 17:49
8484273,83,2019-11-18 17:50
8484273,90,2019-11-18 17:51
8484273,85,2019-11-18 17:52
8484273,84,2019-11-18 17:53
8484273,84,2019-11-18 17:54
8484273,85,2019-11-18 17:55
8484273,82,2019-11-18 17:56
8484273,85,2019-11-18 17:57
8484273,89,2019-11-18 17:58
8484273,86,2019-11-18 17:59
8484273,88,2019-11-18 18:00
8484273,85,2019-11-18 18:01
8484273,87,2019-11-18 18:02
8484273,86,2019-11-18 18:03
8484273,88,2019-11-18 18:04
8484273,91,2019-11-18 18:05
8484273,89,2019-11-18 18:06
8484273,91,2019-11-18 18:07
8484273,88,2019-11-18 18:08
8484273,91,2019-11-18 18:09
8484273,88,2019-11-18 18:10
8484273,86,2019-11-18 18:11
8484273,86,2019-11-18 18:12
8484273,85,2019-11-18 18:13
8484273,83,2019-11-18 18:14
8484273,90,2019-11-18 18:15
8484273,88,2019-11-18 18:16
8484273,95,2019-11-18 18:17
8484273,83,2019-11-18 18:18
8484273,90,2019-11-18 18:19
8484273,85,2019-11-18 18:20
8484273,91,2019-11-18 18:21
8484273,86,2019-11-18 18:22
8484273,88,2019-11-18 18:23
8484273,86,2019-11-18 18:24
8484273,88,2019-11-18 18:25
8484273,82,2019-11-18 18:26
8484273,85,2019-11-18 18:27
8484273,88,2019-11-18 18:28
8484273,88,2019-11-18 18:29
8484273,86,2019-11-18 18:30
8484273,81,2019-11-18 18:31
8484273,86,2019-11-18 18:32
8484273,91,2019-11-18 18:33
8484273,92,2019-11-18 18:34
8484273,88,2019-11-18 18:35
8484273,86,2019-11-18 18:36
8484273,84,2019-11-18 18:37
8484273,87,2019-11-18 18:38
8484273,83,2019-11-18 18:39
8484273,89,2019-11-18 18:40
8484273,86,2019-11-18 18:41
8484273,87,2019-11-18 18:42
8484273,85,2019-11-18 18:43
8484273,88,2019-11-18 18:44
8484273,85,2019-11-18 18:45
8484273,90,2019-11-18 18:46
8484273,87,2019-11-18 18:47
8484273,86,2019-11-18 18:48
8484273,89,2019-11-18 18:49
8484273,83,2019-11-18 18:50
8484273,85,2019-11-18 18:51
8484273,88,2019-11-18 18:52
8484273,84,2019-11-18 18:53
8484273,87,2019-11-18 18:54
8484273,89,2019-11-18 18:55
8484273,89,2019-11-18 18:56
8484273,86,2019-11-18 18:57
8484273,89,2019-11-18 18:58
8484273,85,2019-11-18 18:59
8484273,87,2019-11-18 19:00
8484273,90,2019-11-18 19:01
8484273,87,2019-11-18 19:02
8484273,87,2019-11-18 19:03
8484273,83,2019-11-18 19:04
8484273,88,2019-11-18 19:05
8484273,92,2019-11-18 19:06
8484273,93,2019-11-18 19:07
8484273,90,2019-11-18 19:08
8484273,88,2019-11-18 19:09
8484273,92,2019-11-18 19:10
8484273,89,2019-11-18 19:11
8484273,90,2019-11-18 19:12
8484273,92,2019-11-18 19:13
8484273,87,2019-11-18 19:14
8484273,89,2019-11-18 19:15
8484273,90,2019-11-18 19:16
8484273,87,2019-11-18 19:17
8484273,88,2019-11-18 19:18
8484273,91,2019-11-18 19:19
8484273,90,2019-11-18 19:20
8484273,87,2019-11-18 19:21
8484273,91,2019-11-18 19:22
8484273,90,2019-11-18 19:23
8484273,85,2019-11-18 19:24
8484273,89,2019-11-18 19:25
8484273,84,2019-11-18 19:26
8484273,89,2019-11-18 19:27
8484273,84,2019-11-18 19:28
8484273,90,2019-11-18 19:29
8484273,88,2019-11-18 19:30
8484273,88,2019-11-18 19:31
8484273,93,2019-11-18 19:32
8484273,92,2019-11-18 19:33
8484273,84,2019-11-18 19:34
8484273,90,2019-11-18 19:35
8484273,92,2019-11-18 19:36
8484273,87,2019-11-18 19:37
8484273,88,2019-11-18 19:38
8484273,90,2019-11-18 19:39
8484273,90,2019-11-18 19:40
8484273,86,2019-11-18 19:41
8484273,71,2019-11-18 19:42
8484273,66,2019-11-18 19:43
8484273,88,2019-11-18 19:44
8484273,86,2019-11-18 19:45
8484273,86,2019-11-18 19:46
8484273,85,2019-11-18 19:47
8484273,86,2019-11-18 19:48
8484273,88,2019-11-18 19:49
8484273,87,2019-11-18 19:50
8484273,89,2019-11-18 19:51
8484273,85,2019-11-18 19:52
8484273,86,2019-11-18 19:53
8484273,86,2019-11-18 19:54
8484273,87,2019-11-18 19:55
8484273,86,2019-11-18 19:56
8484273,90,2019-11-18 19:57
8484273,90,2019-11-18 19:58
8484273,84,2019-11-18 19:59
8484273,90,2019-11-18 20:00
8484273,86,2019-11-18 20:01
8484273,89,2019-11-18 20:02
8484273,84,2019-11-18 20:03
8484273,87,2019-11-18 20:04
8484273,86,2019-11-18 20:05
8484273,88,2019-11-18 20:06
8484273,84,2019-11-18 20:07
8484273,86,2019-11-18 20:08
8484273,87,2019-11-18 20:09
8484273,89,2019-11-18 20:10
8484273,83,2019-11-18 20:11
8484273,86,2019-11-18 20:12
8484273,85,2019-11-18 20:13
8484273,88,2019-11-18 20:14
8484273,89,2019-11-18 20:15
8484273,86,2019-11-18 20:16
8484273,81,2019-11-18 20:17
8484273,83,2019-11-18 20:18
8484273,85,2019-11-18 20:19
8484273,84,2019-11-18 20:20
8484273,83,2019-11-18 20:21
8484273,81,2019-11-18 20:22
8484273,88,2019-11-18 20:23
8484273,76,2019-11-18 20:24
8484273,85,2019-11-18 20:25
8484273,79,2019-11-18 20:26
8484273,85,2019-11-18 20:27
8484273,88,2019-11-18 20:28
8484273,83,2019-11-18 20:29
8484273,85,2019-11-18 20:30
8484273,83,2019-11-18 20:31
8484273,87,2019-11-18 20:32
8484273,92,2019-11-18 20:33
8484273,86,2019-11-18 20:34
8484273,87,2019-11-18 20:35
8484273,88,2019-11-18 20:36
8484273,84,2019-11-18 20:37
8484273,82,2019-11-18 20:38
8484273,83,2019-11-18 20:39
8484273,90,2019-11-18 20:40
8484273,88,2019-11-18 20:41
8484273,85,2019-11-18 20:42
8484273,88,2019-11-18 20:43
8484273,86,2019-11-18 20:44
8484273,84,2019-11-18 20:45
8484273,90,2019-11-18 20:46
8484273,79,2019-11-18 20:47
8484273,84,2019-11-18 20:48
8484273,91,2019-11-18 20:49
8484273,83,2019-11-18 20:50
8484273,83,2019-11-18 20:51
8484273,82,2019-11-18 20:52
8484273,80,2019-11-18 20:53
8484273,87,2019-11-18 20:54
8484273,89,2019-11-18 20:55
8484273,91,2019-11-18 20:56
8484273,81,2019-11-18 20:57
8484273,87,2019-11-18 20:58
8484273,81,2019-11-18 20:59
8484273,88,2019-11-18 21:00
8484273,87,2019-11-18 21:01
8484273,90,2019-11-18 21:02
8484273,82,2019-11-18 21:03
8484273,88,2019-11-18 21:04
8484273,82,2019-11-18 21:05
8484273,95,2019-11-18 21:06
8484273,86,2019-11-18 21:07
8484273,84,2019-11-18 21:08
8484273,90,2019-11-18 21:09
8484273,80,2019-11-18 21:10
8484273,86,2019-11-18 21:11
8484273,87,2019-11-18 21:12
8484273,84,2019-11-18 21:13
8484273,86,2019-11-18 21:14
8484273,87,2019-11-18 21:15
8484273,88,2019-11-18 21:16
8484273,87,2019-11-18 21:17
8484273,80,2019-11-18 21:18
8484273,91,2019-11-18 21:19
8484273,85,2019-11-18 21:20
8484273,87,2019-11-18 21:21
8484273,85,2019-11-18 21:22
8484273,80,2019-11-18 21:23
8484273,90,2019-11-18 21:24
8484273,83,2019-11-18 21:25
8484273,86,2019-11-18 21:26
8484273,78,2019-11-18 21:27
8484273,85,2019-11-18 21:28
8484273,92,2019-11-18 21:29
8484273,92,2019-11-18 21:30
8484273,88,2019-11-18 21:31
8484273,86,2019-11-18 21:32
8484273,87,2019-11-18 21:33
8484273,83,2019-11-18 21:34
8484273,86,2019-11-18 21:35
8484273,72,2019-11-18 21:36
8484273,100,2019-11-18 21:37
8484273,100,2019-11-18 21:38
8484273,100,2019-11-18 21:39
8484273,100,2019-11-18 21:40
8484273,100,2019-11-18 21:41
8484273,100,2019-11-18 21:42
8484273,100,2019-11-18 21:43
8484273,100,2019-11-18 21:44
8484273,100,2019-11-18 21:45
8484273,100,2019-11-18 21:46
8484273,100,2019-11-18 21:47
8484273,89,2019-11-18 21:48
8484273,100,2019-11-18 21:49
8484273,86,2019-11-18 21:50
8484273,88,2019-11-18 21:51
8484273,80,2019-11-18 21:52
8484273,87,2019-11-18 21:53
8484273,88,2019-11-18 21:54
8484273,85,2019-11-18 21:55
8484273,90,2019-11-18 21:56
8484273,86,2019-11-18 21:57
8484273,100,2019-11-18 21:58
8484273,100,2019-11-18 21:59
8484273,85,2019-11-18 22:00
8484273,82,2019-11-18 22:01
8484273,91,2019-11-18 22:02
8484273,100,2019-11-18 22:03
8484273,100,2019-11-18 22:04
8484273,100,2019-11-18 22:05
8484273,100,2019-11-18 22:06
8484273,100,2019-11-18 22:07
8484273,100,2019-11-18 22:08
8484273,100,2019-11-18 22:09
8484273,100,2019-11-18 22:10
8484273,100,2019-11-18 22:11
8484273,100,2019-11-18 22:12
8484273,84,2019-11-18 22:13
8484273,100,2019-11-18 22:14
8484273,100,2019-11-18 22:15
8484273,100,2019-11-18 22:16
8484273,100,2019-11-18 22:17
8484273,100,2019-11-18 22:18
8484273,100,2019-11-18 22:19
8484273,100,2019-11-18 22:20
8484273,100,2019-11-18 22:21
8484273,100,2019-11-18 22:22
8484273,100,2019-11-18 22:23
8484273,100,2019-11-18 22:24
8484273,100,2019-11-18 22:25
8484273,100,2019-11-18 22:26
8484273,100,2019-11-18 22:27
8484273,100,2019-11-18 22:28
8484273,100,2019-11-18 22:29
8484273,100,2019-11-18 22:30
8484273,100,2019-11-18 22:31
8484273,100,2019-11-18 22:32
8484273,100,2019-11-18 22:33
8484273,100,2019-11-18 22:34
8484273,100,2019-11-18 22:35
8484273,100,2019-11-18 22:36
8484273,100,2019-11-18 22:37
8484273,100,2019-11-18 22:38
8484273,100,2019-11-18 22:39
8484273,100,2019-11-18 22:40
8484273,100,2019-11-18 22:41
8484273,100,2019-11-18 22:42
8484273,100,2019-11-18 22:43
8484273,100,2019-11-18 22:44
8484273,100,2019-11-18 22:45
8484273,100,2019-11-18 22:46
8484273,100,2019-11-18 22:47
8484273,100,2019-11-18 22:48
8484273,100,2019-11-18 22:49
8484273,100,2019-11-18 22:50
8484273,100,2019-11-18 22:51
8484273,100,2019-11-18 22:52
8484273,100,2019-11-18 22:53
8484273,100,2019-11-18 22:54
8484273,100,2019-11-18 22:55
8484273,100,2019-11-18 22:56
8484273,100,2019-11-18 22:57
8484273,100,2019-11-18 22:58
8484273,100,2019-11-18 22:59
8484273,100,2019-11-18 23:00
8484273,100,2019-11-18 23:01
8484273,100,2019-11-18 23:02
8484273,100,2019-11-18 23:03
8484273,100,2019-11-18 23:04
8484273,100,2019-11-18 23:05
8484273,100,2019-11-18 23:06
8484273,100,2019-11-18 23:07
8484273,100,2019-11-18 23:08
8484273,100,2019-11-18 23:09
8484273,100,2019-11-18 23:10
8484273,100,2019-11-18 23:11
8484273,100,2019-11-18 23:12
8484273,100,2019-11-18 23:13
8484273,100,2019-11-18 23:14
8484273,100,2019-11-18 23:15
8484273,100,2019-11-18 23:16
8484273,100,2019-11-18 23:17
8484273,100,2019-11-18 23:18
8484273,100,2019-11-18 23:19
8484273,100,2019-11-18 23:20
8484273,100,2019-11-18 23:21
8484273,100,2019-11-18 23:22
8484273,100,2019-11-18 23:23
8484273,100,2019-11-18 23:24
8484273,100,2019-11-18 23:25
8484273,100,2019-11-18 23:26
8484273,100,2019-11-18 23:27
8484273,100,2019-11-18 23:28
8484273,100,2019-11-18 23:29
8484273,100,2019-11-18 23:30
8484273,100,2019-11-18 23:31
8484273,100,2019-11-18 23:32
8484273,100,2019-11-18 23:33
8484273,100,2019-11-18 23:34
8484273,100,2019-11-18 23:35
8484273,100,2019-11-18 23:36
8484273,100,2019-11-18 23:37
8484273,100,2019-11-18 23:38
8484273,100,2019-11-18 23:39
8484273,100,2019-11-18 23:40
8484273,100,2019-11-18 23:41
8484273,100,2019-11-18 23:42
8484273,100,2019-11-18 23:43
8484273,100,2019-11-18 23:44
8484273,100,2019-11-18 23:45
8484273,100,2019-11-18 23:46
8484273,100,2019-11-18 23:47
8484273,100,2019-11-18 23:48
8484273,100,2019-11-18 23:49
8484273,100,2019-11-18 23:50
8484273,100,2019-11-18 23:51
8484273,100,2019-11-18 23:52
8484273,100,2019-11-18 23:53
8484273,100,2019-11-18 23:54
8484273,100,2019-11-18 23:55
8484273,100,2019-11-18 23:56
8484273,100,2019-11-18 23:57
8484273,100,2019-11-18 23:58
8484273,100,2019-11-18 23:59
8484273,100,2019-11-19 00:00
8484273,100,2019-11-19 00:01
8484273,55,2019-11-19 00:02
8484273,100,2019-11-19 00:03
8484273,100,2019-11-19 00:04
8484273,100,2019-11-19 00:05
8484273,100,2019-11-19 00:06
8484273,100,2019-11-19 00:07
8484273,100,2019-11-19 00:08
8484273,100,2019-11-19 00:09
8484273,100,2019-11-19 00:10
8484273,100,2019-11-19 00:11
8484273,100,2019-11-19 00:12
8484273,100,2019-11-19 00:13
8484273,100,2019-11-19 00:14
8484273,100,2019-11-19 00:15
8484273,100,2019-11-19 00:16
8484273,100,2019-11-19 00:17
8484273,100,2019-11-19 00:18
8484273,100,2019-11-19 00:19
8484273,100,2019-11-19 00:20
8484273,100,2019-11-19 00:21
8484273,100,2019-11-19 00:22
8484273,100,2019-11-19 00:23
8484273,100,2019-11-19 00:24
8484273,100,2019-11-19 00:25
8484273,100,2019-11-19 00:26
8484273,100,2019-11-19 00:27
8484273,100,2019-11-19 00:28
8484273,100,2019-11-19 00:29
8484273,100,2019-11-19 00:30
8484273,100,2019-11-19 00:31
8484273,100,2019-11-19 00:32
8484273,100,2019-11-19 00:33
8484273,100,2019-11-19 00:34
8484273,100,2019-11-19 00:35
8484273,100,2019-11-19 00:36
8484273,100,2019-11-19 00:37
8484273,100,2019-11-19 00:38
8484273,100,2019-11-19 00:39
8484273,100,2019-11-19 00:40
8484273,100,2019-11-19 00:41
8484273,100,2019-11-19 00:42
8484273,100,2019-11-19 00:43
8484273,100,2019-11-19 00:44
8484273,100,2019-11-19 00:45
8484273,100,2019-11-19 00:46
8484273,100,2019-11-19 00:47
8484273,100,2019-11-19 00:48
8484273,100,2019-11-19 00:49
8484273,100,2019-11-19 00:50
8484273,100,2019-11-19 00:51
8484273,100,2019-11-19 00:52
8484273,100,2019-11-19 00:53
8484273,100,2019-11-19 00:54
8484273,100,2019-11-19 00:55
8484273,100,2019-11-19 00:56
8484273,100,2019-11-19 00:57
8484273,100,2019-11-19 00:58
8484273,100,2019-11-19 00:59
8484273,100,2019-11-19 01:00
8484273,100,2019-11-19 01:01
8484273,100,2019-11-19 01:02
8484273,100,2019-11-19 01:03
8484273,100,2019-11-19 01:04
8484273,100,2019-11-19 01:05
8484273,100,2019-11-19 01:06
8484273,100,2019-11-19 01:07
8484273,100,2019-11-19 01:08
8484273,100,2019-11-19 01:09
8484273,100,2019-11-19 01:10
8484273,100,2019-11-19 01:11
8484273,100,2019-11-19 01:12
8484273,100,2019-11-19 01:13
8484273,100,2019-11-19 01:14
8484273,100,2019-11-19 01:15
8484273,100,2019-11-19 01:16
8484273,100,2019-11-19 01:17
8484273,100,2019-11-19 01:18
8484273,100,2019-11-19 01:19
8484273,100,2019-11-19 01:20
8484273,100,2019-11-19 01:21
8484273,100,2019-11-19 01:22
8484273,100,2019-11-19 01:23
8484273,100,2019-11-19 01:24
8484273,100,2019-11-19 01:25
8484273,100,2019-11-19 01:26
8484273,100,2019-11-19 01:27
8484273,100,2019-11-19 01:28
8484273,100,2019-11-19 01:29
8484273,100,2019-11-19 01:30
8484273,100,2019-11-19 01:31
8484273,100,2019-11-19 01:32
8484273,100,2019-11-19 01:33
8484273,100,2019-11-19 01:34
8484273,100,2019-11-19 01:35
8484273,100,2019-11-19 01:36
8484273,100,2019-11-19 01:37
8484273,100,2019-11-19 01:38
8484273,100,2019-11-19 01:39
8484273,100,2019-11-19 01:40
8484273,100,2019-11-19 01:41
8484273,100,2019-11-19 01:42
8484273,100,2019-11-19 01:43
8484273,100,2019-11-19 01:44
8484273,100,2019-11-19 01:45
8484273,100,2019-11-19 01:46
8484273,100,2019-11-19 01:47
8484273,100,2019-11-19 01:48
8484273,100,2019-11-19 01:49
8484273,100,2019-11-19 01:50
8484273,100,2019-11-19 01:51
8484273,100,2019-11-19 01:52
8484273,100,2019-11-19 01:53
8484273,100,2019-11-19 01:54
8484273,100,2019-11-19 01:55
8484273,100,2019-11-19 01:56
8484273,100,2019-11-19 01:57
8484273,100,2019-11-19 01:58
8484273,100,2019-11-19 01:59
8484273,100,2019-11-19 02:00
8484273,100,2019-11-19 02:01
8484273,100,2019-11-19 02:02
8484273,100,2019-11-19 02:03
8484273,100,2019-11-19 02:04
8484273,100,2019-11-19 02:05
8484273,100,2019-11-19 02:06
8484273,100,2019-11-19 02:07
8484273,100,2019-11-19 02:08
8484273,100,2019-11-19 02:09
8484273,100,2019-11-19 02:10
8484273,100,2019-11-19 02:11
8484273,100,2019-11-19 02:12
8484273,100,2019-11-19 02:13
8484273,100,2019-11-19 02:14
8484273,100,2019-11-19 02:15
8484273,100,2019-11-19 02:16
8484273,100,2019-11-19 02:17
8484273,100,2019-11-19 02:18
8484273,100,2019-11-19 02:19
8484273,100,2019-11-19 02:20
8484273,100,2019-11-19 02:21
8484273,100,2019-11-19 02:22
8484273,100,2019-11-19 02:23
8484273,100,2019-11-19 02:24
8484273,100,2019-11-19 02:25
8484273,100,2019-11-19 02:26
8484273,100,2019-11-19 02:27
8484273,100,2019-11-19 02:28
8484273,100,2019-11-19 02:29
8484273,100,2019-11-19 02:30
8484273,100,2019-11-19 02:31
8484273,100,2019-11-19 02:32
8484273,100,2019-11-19 02:33
8484273,100,2019-11-19 02:34
8484273,100,2019-11-19 02:35
8484273,100,2019-11-19 02:36
8484273,100,2019-11-19 02:37
8484273,100,2019-11-19 02:38
8484273,100,2019-11-19 02:39
8484273,100,2019-11-19 02:40
8484273,100,2019-11-19 02:41
8484273,100,2019-11-19 02:42
8484273,100,2019-11-19 02:43
8484273,100,2019-11-19 02:44
8484273,100,2019-11-19 02:45
8484273,100,2019-11-19 02:46
8484273,100,2019-11-19 02:47
8484273,100,2019-11-19 02:48
8484273,100,2019-11-19 02:49
8484273,100,2019-11-19 02:50
8484273,100,2019-11-19 02:51
8484273,100,2019-11-19 02:52
8484273,100,2019-11-19 02:53
8484273,100,2019-11-19 02:54
8484273,100,2019-11-19 02:55
8484273,100,2019-11-19 02:56
8484273,100,2019-11-19 02:57
8484273,100,2019-11-19 02:58
8484273,100,2019-11-19 02:59
8484273,100,2019-11-19 03:00
8484273,100,2019-11-19 03:01
8484273,100,2019-11-19 03:02
8484273,100,2019-11-19 03:03
8484273,100,2019-11-19 03:04
8484273,100,2019-11-19 03:05
8484273,100,2019-11-19 03:06
8484273,100,2019-11-19 03:07
8484273,100,2019-11-19 03:08
8484273,100,2019-11-19 03:09
8484273,100,2019-11-19 03:10
8484273,100,2019-11-19 03:11
8484273,100,2019-11-19 03:12
8484273,100,2019-11-19 03:13
8484273,100,2019-11-19 03:14
8484273,100,2019-11-19 03:15
8484273,100,2019-11-19 03:16
8484273,100,2019-11-19 03:17
8484273,100,2019-11-19 03:18
8484273,100,2019-11-19 03:19
8484273,100,2019-11-19 03:20
8484273,100,2019-11-19 03:21
8484273,100,2019-11-19 03:22
8484273,100,2019-11-19 03:23
8484273,100,2019-11-19 03:24
8484273,100,2019-11-19 03:25
8484273,100,2019-11-19 03:26
8484273,100,2019-11-19 03:27
8484273,100,2019-11-19 03:28
8484273,100,2019-11-19 03:29
8484273,100,2019-11-19 03:30
8484273,100,2019-11-19 03:31
8484273,100,2019-11-19 03:32
8484273,100,2019-11-19 03:33
8484273,100,2019-11-19 03:34
8484273,100,2019-11-19 03:35
8484273,100,2019-11-19 03:36
8484273,100,2019-11-19 03:37
8484273,100,2019-11-19 03:38
8484273,100,2019-11-19 03:39
8484273,100,2019-11-19 03:40
8484273,100,2019-11-19 03:41
8484273,100,2019-11-19 03:42
8484273,100,2019-11-19 03:43
8484273,100,2019-11-19 03:44
8484273,100,2019-11-19 03:45
8484273,100,2019-11-19 03:46
8484273,100,2019-11-19 03:47
8484273,100,2019-11-19 03:48
8484273,100,2019-11-19 03:49
8484273,100,2019-11-19 03:50
8484273,100,2019-11-19 03:51
8484273,100,2019-11-19 03:52
8484273,100,2019-11-19 03:53
8484273,100,2019-11-19 03:54
8484273,100,2019-11-19 03:55
8484273,100,2019-11-19 03:56
8484273,100,2019-11-19 03:57
8484273,100,2019-11-19 03:58
8484273,100,2019-11-19 03:59
8484273,100,2019-11-19 04:00
8484273,100,2019-11-19 04:01
8484273,100,2019-11-19 04:02
8484273,100,2019-11-19 04:03
8484273,100,2019-11-19 04:04
8484273,100,2019-11-19 04:05
8484273,100,2019-11-19 04:06
8484273,100,2019-11-19 04:07
8484273,100,2019-11-19 04:08
8484273,100,2019-11-19 04:09
8484273,100,2019-11-19 04:10
8484273,100,2019-11-19 04:11
8484273,100,2019-11-19 04:12
8484273,100,2019-11-19 04:13
8484273,100,2019-11-19 04:14
8484273,100,2019-11-19 04:15
8484273,100,2019-11-19 04:16
8484273,100,2019-11-19 04:17
8484273,100,2019-11-19 04:18
8484273,100,2019-11-19 04:19
8484273,100,2019-11-19 04:20
8484273,100,2019-11-19 04:21
8484273,100,2019-11-19 04:22
8484273,100,2019-11-19 04:23
8484273,100,2019-11-19 04:24
8484273,100,2019-11-19 04:25
8484273,100,2019-11-19 04:26
8484273,100,2019-11-19 04:27
8484273,100,2019-11-19 04:28
8484273,89,2019-11-19 04:29
8484273,100,2019-11-19 04:30
8484273,90,2019-11-19 04:31
8484273,95,2019-11-19 04:32
8484273,89,2019-11-19 04:33
8484273,93,2019-11-19 04:34
8484273,94,2019-11-19 04:35
8484273,92,2019-11-19 04:36
8484273,90,2019-11-19 04:37
8484273,93,2019-11-19 04:38
8484273,93,2019-11-19 04:39
8484273,95,2019-11-19 04:40
8484273,91,2019-11-19 04:41
8484273,93,2019-11-19 04:42
8484273,96,2019-11-19 04:43
8484273,97,2019-11-19 04:44
8484273,97,2019-11-19 04:45
8484273,94,2019-11-19 04:46
8484273,96,2019-11-19 04:47
8484273,93,2019-11-19 04:48
8484273,94,2019-11-19 04:49
8484273,95,2019-11-19 04:50
8484273,93,2019-11-19 04:51
8484273,94,2019-11-19 04:52
8484273,93,2019-11-19 04:53
8484273,95,2019-11-19 04:54
8484273,95,2019-11-19 04:55
8484273,93,2019-11-19 04:56
8484273,91,2019-11-19 04:57
8484273,95,2019-11-19 04:58
8484273,92,2019-11-19 04:59
8484273,98,2019-11-19 05:00
8484273,94,2019-11-19 05:01
8484273,92,2019-11-19 05:02
8484273,94,2019-11-19 05:03
8484273,93,2019-11-19 05:04
8484273,94,2019-11-19 05:05
8484273,94,2019-11-19 05:06
8484273,96,2019-11-19 05:07
8484273,96,2019-11-19 05:08
8484273,94,2019-11-19 05:09
8484273,94,2019-11-19 05:10
8484273,93,2019-11-19 05:11
8484273,94,2019-11-19 05:12
8484273,92,2019-11-19 05:13
8484273,95,2019-11-19 05:14
8484273,95,2019-11-19 05:15
8484273,86,2019-11-19 05:16
8484273,95,2019-11-19 05:17
8484273,97,2019-11-19 05:18
8484273,95,2019-11-19 05:19
8484273,93,2019-11-19 05:20
8484273,96,2019-11-19 05:21
8484273,91,2019-11-19 05:22
8484273,95,2019-11-19 05:23
8484273,93,2019-11-19 05:24
8484273,91,2019-11-19 05:25
8484273,90,2019-11-19 05:26
8484273,92,2019-11-19 05:27
8484273,95,2019-11-19 05:28
8484273,94,2019-11-19 05:29
8484273,87,2019-11-19 05:30
8484273,89,2019-11-19 05:31
8484273,91,2019-11-19 05:32
8484273,86,2019-11-19 05:33
8484273,91,2019-11-19 05:34
8484273,92,2019-11-19 05:35
8484273,90,2019-11-19 05:36
8484273,89,2019-11-19 05:37
8484273,89,2019-11-19 05:38
8484273,93,2019-11-19 05:39
8484273,93,2019-11-19 05:40
8484273,87,2019-11-19 05:41
8484273,89,2019-11-19 05:42
8484273,90,2019-11-19 05:43
8484273,91,2019-11-19 05:44
8484273,92,2019-11-19 05:45
8484273,87,2019-11-19 05:46
8484273,87,2019-11-19 05:47
8484273,84,2019-11-19 05:48
8484273,87,2019-11-19 05:49
8484273,90,2019-11-19 05:50
8484273,86,2019-11-19 05:51
8484273,87,2019-11-19 05:52
8484273,89,2019-11-19 05:53
8484273,92,2019-11-19 05:54
8484273,89,2019-11-19 05:55
8484273,77,2019-11-19 05:56
8484273,81,2019-11-19 05:57
8484273,82,2019-11-19 05:58
8484273,89,2019-11-19 05:59
8484273,88,2019-11-19 06:00
8484273,85,2019-11-19 06:01
8484273,87,2019-11-19 06:02
8484273,86,2019-11-19 06:03
8484273,82,2019-11-19 06:04
8484273,82,2019-11-19 06:05
8484273,86,2019-11-19 06:06
8484273,86,2019-11-19 06:07
8484273,81,2019-11-19 06:08
8484273,80,2019-11-19 06:09
8484273,79,2019-11-19 06:10
8484273,76,2019-11-19 06:11
8484273,87,2019-11-19 06:12
8484273,78,2019-11-19 06:13
8484273,80,2019-11-19 06:14
8484273,81,2019-11-19 06:15
8484273,77,2019-11-19 06:16
8484273,77,2019-11-19 06:17
8484273,79,2019-11-19 06:18
8484273,61,2019-11-19 06:19
8484273,51,2019-11-19 06:20
8484273,58,2019-11-19 06:21
8484273,64,2019-11-19 06:22
8484273,51,2019-11-19 06:23
8484273,37,2019-11-19 06:24
8484273,31,2019-11-19 06:25
8484273,23,2019-11-19 06:26
8484273,28,2019-11-19 06:27
8484273,35,2019-11-19 06:28
8484273,44,2019-11-19 06:29
8484273,35,2019-11-19 06:30
8484273,37,2019-11-19 06:31
8484273,44,2019-11-19 06:32
8484273,52,2019-11-19 06:33
8484273,51,2019-11-19 06:34
8484273,57,2019-11-19 06:35
8484273,46,2019-11-19 06:36
8484273,29,2019-11-19 06:37
8484273,29,2019-11-19 06:38
8484273,27,2019-11-19 06:39
8484273,26,2019-11-19 06:40
8484273,32,2019-11-19 06:41
8484273,26,2019-11-19 06:42
8484273,18,2019-11-19 06:43
8484273,14,2019-11-19 06:44
8484273,17,2019-11-19 06:45
8484273,21,2019-11-19 06:46
8484273,19,2019-11-19 06:47
8484273,14,2019-11-19 06:48
8484273,17,2019-11-19 06:49
8484273,21,2019-11-19 06:50
8484273,16,2019-11-19 06:51
8484273,19,2019-11-19 06:52
8484273,24,2019-11-19 06:53
8484273,27,2019-11-19 06:54
8484273,26,2019-11-19 06:55
8484273,24,2019-11-19 06:56
8484273,28,2019-11-19 06:57
8484273,21,2019-11-19 06:58
8484273,21,2019-11-19 06:59
8484273,16,2019-11-19 07:00
8484273,13,2019-11-19 07:01
8484273,14,2019-11-19 07:02
8484273,16,2019-11-19 07:03
8484273,20,2019-11-19 07:04
8484273,25,2019-11-19 07:05
8484273,25,2019-11-19 07:06
8484273,29,2019-11-19 07:07
8484273,25,2019-11-19 07:08
8484273,30,2019-11-19 07:09
8484273,28,2019-11-19 07:10
8484273,26,2019-11-19 07:11
8484273,22,2019-11-19 07:12
8484273,16,2019-11-19 07:13
8484273,20,2019-11-19 07:14
8484273,24,2019-11-19 07:15
8484273,21,2019-11-19 07:16
8484273,24,2019-11-19 07:17
8484273,29,2019-11-19 07:18
8484273,22,2019-11-19 07:19
8484273,17,2019-11-19 07:20
8484273,20,2019-11-19 07:21
8484273,26,2019-11-19 07:22
8484273,27,2019-11-19 07:23
8484273,29,2019-11-19 07:24
8484273,22,2019-11-19 07:25
8484273,18,2019-11-19 07:26
8484273,18,2019-11-19 07:27
8484273,16,2019-11-19 07:28
8484273,19,2019-11-19 07:29
8484273,23,2019-11-19 07:30
8484273,22,2019-11-19 07:31
8484273,16,2019-11-19 07:32
8484273,18,2019-11-19 07:33
8484273,22,2019-11-19 07:34
8484273,26,2019-11-19 07:35
8484273,25,2019-11-19 07:36
8484273,25,2019-11-19 07:37
8484273,23,2019-11-19 07:38
8484273,18,2019-11-19 07:39
8484273,16,2019-11-19 07:40
8484273,20,2019-11-19 07:41
8484273,25,2019-11-19 07:42
8484273,33,2019-11-19 07:43
8484273,40,2019-11-19 07:44
8484273,33,2019-11-19 07:45
8484273,22,2019-11-19 07:46
8484273,24,2019-11-19 07:47
8484273,20,2019-11-19 07:48
8484273,26,2019-11-19 07:49
8484273,32,2019-11-19 07:50
8484273,31,2019-11-19 07:51
8484273,22,2019-11-19 07:52
8484273,25,2019-11-19 07:53
8484273,30,2019-11-19 07:54
8484273,37,2019-11-19 07:55
8484273,34,2019-11-19 07:56
8484273,32,2019-11-19 07:57
8484273,33,2019-11-19 07:58
8484273,34,2019-11-19 07:59
8484273,35,2019-11-19 08:00
8484273,36,2019-11-19 08:01
8484273,40,2019-11-19 08:02
8484273,37,2019-11-19 08:03
8484273,47,2019-11-19 08:04
8484273,60,2019-11-19 08:05
8484273,71,2019-11-19 08:06
8484273,69,2019-11-19 08:07
8484273,78,2019-11-19 08:08
8484273,76,2019-11-19 08:09
8484273,77,2019-11-19 08:10
8484273,80,2019-11-19 08:11
8484273,83,2019-11-19 08:12
8484273,81,2019-11-19 08:13
8484273,80,2019-11-19 08:14
8484273,80,2019-11-19 08:15
8484273,80,2019-11-19 08:16
8484273,78,2019-11-19 08:17
8484273,78,2019-11-19 08:18
8484273,73,2019-11-19 08:19
8484273,73,2019-11-19 08:20
8484273,80,2019-11-19 08:21
8484273,75,2019-11-19 08:22
8484273,74,2019-11-19 08:23
8484273,73,2019-11-19 08:24
8484273,80,2019-11-19 08:25
8484273,78,2019-11-19 08:26
8484273,80,2019-11-19 08:27
8484273,73,2019-11-19 08:28
8484273,78,2019-11-19 08:29
8484273,77,2019-11-19 08:30
8484273,76,2019-11-19 08:31
8484273,79,2019-11-19 08:32
8484273,74,2019-11-19 08:33
8484273,74,2019-11-19 08:34
8484273,75,2019-11-19 08:35
8484273,77,2019-11-19 08:36
8484273,78,2019-11-19 08:37
8484273,79,2019-11-19 08:38
8484273,81,2019-11-19 08:39
8484273,75,2019-11-19 08:40
8484273,75,2019-11-19 08:41
8484273,77,2019-11-19 08:42
8484273,80,2019-11-19 08:43
8484273,78,2019-11-19 08:44
8484273,79,2019-11-19 08:45
8484273,79,2019-11-19 08:46
8484273,79,2019-11-19 08:47
8484273,79,2019-11-19 08:48
8484273,75,2019-11-19 08:49
8484273,78,2019-11-19 08:50
8484273,67,2019-11-19 08:51
8484273,66,2019-11-19 08:52
8484273,69,2019-11-19 08:53
8484273,67,2019-11-19 08:54
8484273,82,2019-11-19 08:55
8484273,80,2019-11-19 08:56
8484273,80,2019-11-19 08:57
8484273,81,2019-11-19 08:58
8484273,76,2019-11-19 08:59
8484273,78,2019-11-19 09:00
8484273,77,2019-11-19 09:01
8484273,80,2019-11-19 09:02
8484273,77,2019-11-19 09:03
8484273,84,2019-11-19 09:04
8484273,84,2019-11-19 09:05
8484273,81,2019-11-19 09:06
8484273,82,2019-11-19 09:07
8484273,81,2019-11-19 09:08
8484273,81,2019-11-19 09:09
8484273,86,2019-11-19 09:10
8484273,78,2019-11-19 09:11
8484273,88,2019-11-19 09:12
8484273,85,2019-11-19 09:13
8484273,82,2019-11-19 09:14
8484273,86,2019-11-19 09:15
8484273,86,2019-11-19 09:16
8484273,76,2019-11-19 09:17
8484273,87,2019-11-19 09:18
8484273,86,2019-11-19 09:19
8484273,82,2019-11-19 09:20
8484273,86,2019-11-19 09:21
8484273,84,2019-11-19 09:22
8484273,85,2019-11-19 09:23
8484273,82,2019-11-19 09:24
8484273,83,2019-11-19 09:25
8484273,83,2019-11-19 09:26
8484273,82,2019-11-19 09:27
8484273,80,2019-11-19 09:28
8484273,86,2019-11-19 09:29
8484273,85,2019-11-19 09:30
8484273,84,2019-11-19 09:31
8484273,82,2019-11-19 09:32
8484273,88,2019-11-19 09:33
8484273,81,2019-11-19 09:34
8484273,79,2019-11-19 09:35
8484273,84,2019-11-19 09:36
8484273,80,2019-11-19 09:37
8484273,81,2019-11-19 09:38
8484273,81,2019-11-19 09:39
8484273,84,2019-11-19 09:40
8484273,90,2019-11-19 09:41
8484273,89,2019-11-19 09:42
8484273,87,2019-11-19 09:43
8484273,88,2019-11-19 09:44
8484273,79,2019-11-19 09:45
8484273,87,2019-11-19 09:46
8484273,86,2019-11-19 09:47
8484273,83,2019-11-19 09:48
8484273,87,2019-11-19 09:49
8484273,85,2019-11-19 09:50
8484273,89,2019-11-19 09:51
8484273,82,2019-11-19 09:52
8484273,84,2019-11-19 09:53
8484273,83,2019-11-19 09:54
8484273,84,2019-11-19 09:55
8484273,86,2019-11-19 09:56
8484273,83,2019-11-19 09:57
8484273,83,2019-11-19 09:58
8484273,85,2019-11-19 09:59
8484273,83,2019-11-19 10:00
8484273,87,2019-11-19 10:01
8484273,89,2019-11-19 10:02
8484273,89,2019-11-19 10:03
8484273,85,2019-11-19 10:04
8484273,85,2019-11-19 10:05
8484273,88,2019-11-19 10:06
8484273,83,2019-11-19 10:07
8484273,83,2019-11-19 10:08
8484273,90,2019-11-19 10:09
8484273,84,2019-11-19 10:10
8484273,78,2019-11-19 10:11
8484273,86,2019-11-19 10:12
8484273,84,2019-11-19 10:13
8484273,88,2019-11-19 10:14
8484273,81,2019-11-19 10:15
8484273,81,2019-11-19 10:16
8484273,87,2019-11-19 10:17
8484273,86,2019-11-19 10:18
8484273,85,2019-11-19 10:19
8484273,86,2019-11-19 10:20
8484273,88,2019-11-19 10:21
8484273,86,2019-11-19 10:22
8484273,85,2019-11-19 10:23
8484273,81,2019-11-19 10:24
8484273,86,2019-11-19 10:25
8484273,88,2019-11-19 10:26
8484273,87,2019-11-19 10:27
8484273,82,2019-11-19 10:28
8484273,81,2019-11-19 10:29
8484273,87,2019-11-19 10:30
8484273,85,2019-11-19 10:31
8484273,90,2019-11-19 10:32
8484273,84,2019-11-19 10:33
8484273,88,2019-11-19 10:34
8484273,84,2019-11-19 10:35
8484273,80,2019-11-19 10:36
8484273,82,2019-11-19 10:37
8484273,83,2019-11-19 10:38
8484273,90,2019-11-19 10:39
8484273,88,2019-11-19 10:40
8484273,89,2019-11-19 10:41
8484273,81,2019-11-19 10:42
8484273,84,2019-11-19 10:43
8484273,92,2019-11-19 10:44
8484273,86,2019-11-19 10:45
8484273,86,2019-11-19 10:46
8484273,89,2019-11-19 10:47
8484273,84,2019-11-19 10:48
8484273,87,2019-11-19 10:49
8484273,79,2019-11-19 10:50
8484273,81,2019-11-19 10:51
8484273,85,2019-11-19 10:52
8484273,85,2019-11-19 10:53
8484273,88,2019-11-19 10:54
8484273,88,2019-11-19 10:55
8484273,88,2019-11-19 10:56
8484273,89,2019-11-19 10:57
